baseline,subset,split,num_examples,batch_size,max_batches,heuristic_strength,logmel_l1,logmel_mse,energy_l1,onset_l1
silence,debug,validation,400,8,all,,0.07689043466001749,0.09192544143181294,6.1512348628044125,0.29115160554647446
heuristic_note_to_mel,debug,validation,400,8,all,0.25,0.07665176253765821,0.08915300650987774,5.665807111263275,0.30757263958454134
