baseline,subset,split,num_examples,batch_size,max_batches,heuristic_strength,logmel_l1,logmel_mse,energy_l1,onset_l1
silence,smoke,validation,32,4,all,,0.1024766091722995,0.1313443110557273,8.198128297924995,0.3784605525434017
heuristic_note_to_mel,smoke,validation,32,4,all,0.25,0.10122659266926348,0.12693273078184575,7.659380286931992,0.38275531493127346
